Workbook

Sheet 說明
A1: 215 間宮廟客戶｜現況調查表
A3: 用途 | B3: 業務拜訪時當場填寫，找出每間廟用哪家廟務軟體、有哪些顯示設備、誰能拍板。
A4: 怎麼填 | B4: 只填「調查表」分頁的黃色欄位；有下拉選單的欄位請用選的，不要自己打字。
A5: 範例 | B5: 第 2 列是示範資料（溪湖○○宮），實際填寫從第 3 列開始，示範列可刪除。
A6: 拍照 | B6: 請拍：廟務軟體主畫面、收據樣本、字幕機控制卡貼紙，檔名用「廟宇代碼_項目.jpg」。
A7: 機會分數 | B7: 系統自動計算（0～10 分），分數越高越適合當示範廟或優先推月租。
A8: 計分規則 | B8: 有 LED 字幕機 +2；有電視 +1；控制卡為 HDPlayer +1；香火大或中 +2／+1；主委對新科技有興趣 +2；軟體為個人開發者或沒有軟體 +2。
A9: 彙總 | B9: 「彙總」分頁自動統計各家軟體占比、各縣市家數與高分名單數。

Sheet 調查表
A1: 廟宇代碼 | B1: 廟名 | C1: 縣市 | D1: 鄉鎮區 | E1: 聯絡人 | F1: 職稱 | G1: 電話 | H1: 現用廟務軟體 | I1: 軟體名稱／開發者 | J1: 收費方式 | K1: 購買年份（民國） | L1: 滿意度 1-5 | M1: 有 LED 字幕機 | N1: 控制卡軟體 | O1: 有電視／電視牆 | P1: 有網路 | Q1: 每年點燈戶數（約） | R1: 香火規模 | S1: 主委對新科技 | T1: 最想解決的問題 | U1: 拍照已上傳 | V1: 拜訪業務 | W1: 拜訪日期 | X1: 備註 | Y1: 機會分數
A2: T0001 | B2: 溪湖○○宮 | C2: 彰化縣 | D2: 溪湖鎮 | E2: 陳總幹事 | F2: 總幹事 | G2: 0912-345678 | H2: 個人開發者 | I2: 楊昌暾老師 | J2: 一次買斷 | K2: 112 | L2: 4 | M2: 是 | N2: HDPlayer | O2: 是 | P2: 是 | Q2: 800 | R2: 中 | S2: 有興趣 | T2: 點燈名單要手寫貼牆，很花時間 | U2: 是 | V2: 小關 | W2: 2026-10-01 | X2: 主委下月改選 | Y2: =IF(B2="","",(M2="是")*2+(O2="是")*1+(N2="HDPlayer")*1+IF(R2="大",2,IF(R2="中",1,0))+(S2="有興趣")*2+OR(H2="個人開發者",H2="沒有軟體")*2)
Y3: =IF(B3="","",(M3="是")*2+(O3="是")*1+(N3="HDPlayer")*1+IF(R3="大",2,IF(R3="中",1,0))+(S3="有興趣")*2+OR(H3="個人開發者",H3="沒有軟體")*2)
Y4: =IF(B4="","",(M4="是")*2+(O4="是")*1+(N4="HDPlayer")*1+IF(R4="大",2,IF(R4="中",1,0))+(S4="有興趣")*2+OR(H4="個人開發者",H4="沒有軟體")*2)
Y5: =IF(B5="","",(M5="是")*2+(O5="是")*1+(N5="HDPlayer")*1+IF(R5="大",2,IF(R5="中",1,0))+(S5="有興趣")*2+OR(H5="個人開發者",H5="沒有軟體")*2)
Y6: =IF(B6="","",(M6="是")*2+(O6="是")*1+(N6="HDPlayer")*1+IF(R6="大",2,IF(R6="中",1,0))+(S6="有興趣")*2+OR(H6="個人開發者",H6="沒有軟體")*2)
Y7: =IF(B7="","",(M7="是")*2+(O7="是")*1+(N7="HDPlayer")*1+IF(R7="大",2,IF(R7="中",1,0))+(S7="有興趣")*2+OR(H7="個人開發者",H7="沒有軟體")*2)
Y8: =IF(B8="","",(M8="是")*2+(O8="是")*1+(N8="HDPlayer")*1+IF(R8="大",2,IF(R8="中",1,0))+(S8="有興趣")*2+OR(H8="個人開發者",H8="沒有軟體")*2)
Y9: =IF(B9="","",(M9="是")*2+(O9="是")*1+(N9="HDPlayer")*1+IF(R9="大",2,IF(R9="中",1,0))+(S9="有興趣")*2+OR(H9="個人開發者",H9="沒有軟體")*2)
Y10: =IF(B10="","",(M10="是")*2+(O10="是")*1+(N10="HDPlayer")*1+IF(R10="大",2,IF(R10="中",1,0))+(S10="有興趣")*2+OR(H10="個人開發者",H10="沒有軟體")*2)
Y11: =IF(B11="","",(M11="是")*2+(O11="是")*1+(N11="HDPlayer")*1+IF(R11="大",2,IF(R11="中",1,0))+(S11="有興趣")*2+OR(H11="個人開發者",H11="沒有軟體")*2)
Y12: =IF(B12="","",(M12="是")*2+(O12="是")*1+(N12="HDPlayer")*1+IF(R12="大",2,IF(R12="中",1,0))+(S12="有興趣")*2+OR(H12="個人開發者",H12="沒有軟體")*2)
Y13: =IF(B13="","",(M13="是")*2+(O13="是")*1+(N13="HDPlayer")*1+IF(R13="大",2,IF(R13="中",1,0))+(S13="有興趣")*2+OR(H13="個人開發者",H13="沒有軟體")*2)
Y14: =IF(B14="","",(M14="是")*2+(O14="是")*1+(N14="HDPlayer")*1+IF(R14="大",2,IF(R14="中",1,0))+(S14="有興趣")*2+OR(H14="個人開發者",H14="沒有軟體")*2)
... Y301: =IF(B301="","",(M301="是")*2+(O301="是")*1+(N301="HDPlayer")*1+IF(R301="大",2,IF(R301="中",1,0))+(S301="有興趣")*2+OR(H301="個人開發者",H301="沒有軟體")*2)

Sheet 彙總
A1: 調查彙總（自動計算）
A3: 已調查家數 | B3: =COUNTA(調查表!$B$3:$B$301) | C3: （不含第 2 列示範）
A4: 目標家數 | B4: 215 | C4: ← 目標家數（使用者提供）
A5: 完成率 | B5: =IFERROR(B3/B4,0)
A7: 現用廟務軟體 | B7: 家數 | C7: 占比
A8: 個人開發者 | B8: =COUNTIF(調查表!$H$3:$H$301,A8) | C8: =IFERROR(B8/$B$3,0)
A9: 套裝軟體 | B9: =COUNTIF(調查表!$H$3:$H$301,A9) | C9: =IFERROR(B9/$B$3,0)
A10: 雲端平台 | B10: =COUNTIF(調查表!$H$3:$H$301,A10) | C10: =IFERROR(B10/$B$3,0)
A11: 沒有軟體 | B11: =COUNTIF(調查表!$H$3:$H$301,A11) | C11: =IFERROR(B11/$B$3,0)
A12: 其他 | B12: =COUNTIF(調查表!$H$3:$H$301,A12) | C12: =IFERROR(B12/$B$3,0)
A14: 縣市 | B14: 家數 | C14: 平均機會分數
A15: 嘉義縣 | B15: =COUNTIF(調查表!$C$3:$C$301,A15) | C15: =IFERROR(AVERAGEIF(調查表!$C$3:$C$301,A15,調查表!$Y$3:$Y$301),0)
A16: 嘉義市 | B16: =COUNTIF(調查表!$C$3:$C$301,A16) | C16: =IFERROR(AVERAGEIF(調查表!$C$3:$C$301,A16,調查表!$Y$3:$Y$301),0)
A17: 台南市 | B17: =COUNTIF(調查表!$C$3:$C$301,A17) | C17: =IFERROR(AVERAGEIF(調查表!$C$3:$C$301,A17,調查表!$Y$3:$Y$301),0)
A18: 高雄市 | B18: =COUNTIF(調查表!$C$3:$C$301,A18) | C18: =IFERROR(AVERAGEIF(調查表!$C$3:$C$301,A18,調查表!$Y$3:$Y$301),0)
A19: 屏東縣 | B19: =COUNTIF(調查表!$C$3:$C$301,A19) | C19: =IFERROR(AVERAGEIF(調查表!$C$3:$C$301,A19,調查表!$Y$3:$Y$301),0)
A20: 雲林縣 | B20: =COUNTIF(調查表!$C$3:$C$301,A20) | C20: =IFERROR(AVERAGEIF(調查表!$C$3:$C$301,A20,調查表!$Y$3:$Y$301),0)
A21: 彰化縣 | B21: =COUNTIF(調查表!$C$3:$C$301,A21) | C21: =IFERROR(AVERAGEIF(調查表!$C$3:$C$301,A21,調查表!$Y$3:$Y$301),0)
A22: 台中市 | B22: =COUNTIF(調查表!$C$3:$C$301,A22) | C22: =IFERROR(AVERAGEIF(調查表!$C$3:$C$301,A22,調查表!$Y$3:$Y$301),0)
A23: 南投縣 | B23: =COUNTIF(調查表!$C$3:$C$301,A23) | C23: =IFERROR(AVERAGEIF(調查表!$C$3:$C$301,A23,調查表!$Y$3:$Y$301),0)
A24: 其他 | B24: =COUNTIF(調查表!$C$3:$C$301,A24) | C24: =IFERROR(AVERAGEIF(調查表!$C$3:$C$301,A24,調查表!$Y$3:$Y$301),0)
A26: 機會分數 ≥ 7 家數 | B26: =COUNTIF(調查表!$Y$3:$Y$301,">=7") | C26: ← 優先當示範廟
A27: 有字幕機且為 HDPlayer | B27: =COUNTIFS(調查表!$M$3:$M$301,"是",調查表!$N$3:$N$301,"HDPlayer")
A28: 有電視可做功德榜 | B28: =COUNTIF(調查表!$O$3:$O$301,"是")
